{"avgWeight":-19715.944680278993,"weights":[-18690.335576875917,-19079.266290095817,-19842.015465758468,-18667.001414899823,-19228.034287790022,-20162.660251484052,-22155.22095041107,-17738.39877224936,-22295.57733694702,-19300.936456278403],"samples":10}