{"avgWeight":-16254.20615349054,"weights":[-15513.7339649897,-16628.17255663131,-15389.321863947836,-16555.06238974994,-17205.615414548716,-15786.880351924838,-15938.860710945495,-15607.667020220224,-18207.99053429321,-15708.756727654132],"samples":10}