{"avgWeight":-23211.73773514183,"weights":[-23374.657371210924,-21217.73306902902,-26866.2876478055,-19046.299302702257,-25553.71128496144],"samples":5}