{"avgWeight":-16706.728703051525,"weights":[-17585.9814915661,-16542.55879844888,-15699.969471920469,-17016.851962675897,-16346.319125414946,-16444.163444759208,-17494.792801920918,-17333.048028892306,-16214.853189594638,-16388.74871532192],"samples":10}