{"avgWeight":-17176.462682359568,"weights":[-21174.459858343325,-15287.418037314099,-15516.833532118108,-16639.787910896455,-17902.070746651763,-18396.67803925235,-17026.99055130243,-17298.205541731535,-15922.578615982931,-16599.603990002674],"samples":10}