{"avgWeight":-16165.721626077453,"weights":[-15760.47079213915,-16431.811196830677,-15371.631768074769,-16822.463599944946,-17268.575969326776,-16925.282433520035,-15592.921593792813,-15515.520652846433,-16025.940733542184,-15942.59752075673],"samples":10}