{"avgWeight":-21712.353630545513,"weights":[-24790.696076718057,-18688.99591739044,-23245.520480113926,-17336.57668086162,-24499.97899764353],"samples":5}