{"avgWeight":-16384.25128312347,"weights":[-15976.038451851648,-15688.399228650469,-17687.78670483398,-16132.337978231182,-15792.07611935555,-15793.967251735869,-16394.195039326805,-16603.442101246234,-15662.280358844739,-18111.98959715822],"samples":10}