{"avgWeight":-16810.974667836963,"weights":[-17653.187901689686,-15607.537925394254,-16861.17770659689,-17287.77132339996,-16917.07757449931,-17123.803807214972,-18421.830153937895,-16132.436686945017,-15861.186036311183,-16243.737562380466],"samples":10}