{"avgWeight":-16057.221364151312,"weights":[-15231.297046983764,-16528.383777099414,-15924.776431032522,-15537.120026585095,-16623.81490692671,-16421.972574956042,-15714.3840275057,-16113.376665925141,-15898.396864779364,-16578.69131971936],"samples":10}