{"avgWeight":-22921.403056006395,"weights":[-21921.667176213952,-18522.45798138314,-24432.54503786459,-24636.631372235173,-25093.71371233512],"samples":5}