{"avgWeight":-16818.506218505525,"weights":[-15583.586698949233,-19331.023849657475,-15307.09340145339,-15274.576306069763,-17946.346136690958,-17434.15832329984,-19445.916495750527,-15968.944531956517,-16167.768939149322,-15725.647502078215],"samples":10}