{"avgWeight":-15889.81494366887,"weights":[-16059.172752776007,-15659.835876440517,-15649.36467015551,-16108.39535700297,-15556.329031539706,-15456.527237170674,-17323.390897649573,-15712.364103012927,-15613.92926631012,-15758.840244630694],"samples":10}