{"avgWeight":-35651.990179609114,"weights":[-40625.48571324338,-45890.272993678176,-25729.832645057213,-41855.16925361511,-24159.190292451698],"samples":5}