{"avgWeight":-20418.743673036795,"weights":[-17231.038073950156,-27397.29477788775,-20190.51565847301,-18963.988496860926,-18310.88135801213],"samples":5}