{"avgWeight":-16796.176728906135,"weights":[-15816.32748428164,-15767.951838140756,-17916.580676911886,-17812.10048313263,-16824.071063610376,-16022.097822398597,-15788.821233021574,-16166.291541036388,-19330.378174812133,-16517.146971715392],"samples":10}