{"avgWeight":-26416.62864164258,"weights":[-32448.084655634204,-20440.430170377327,-25750.258156494852,-31399.93385073027,-22044.43637497622],"samples":5}