{"avgWeight":-16591.250216732526,"weights":[-16284.316889230084,-16549.553090667698,-16250.943690788396,-16815.63919592993,-16318.862902047189,-16984.92348995503,-16499.436550649207,-16642.27058737104,-17582.30340065369,-15984.252370032986],"samples":10}