{"avgWeight":-18477.314617662378,"weights":[-18275.28987526337,-19294.135180507285,-18281.90460966216,-18077.891273137404,-18250.725921173063,-20646.528514300004,-18829.88736409188,-17668.803795946715,-17798.646076631343,-17649.333565910565],"samples":10}