{"avgWeight":-17962.418018579592,"weights":[-17651.54757957067,-18330.615977409027,-18141.518542963608,-17633.7618939786,-18054.646098976053],"samples":5}