{"avgWeight":-18891.679276606515,"weights":[-17937.988822165644,-18124.63792219466,-19522.120841090902,-17843.427781600978,-18794.111527096982,-19734.95303091798,-19894.652089088588,-19593.366628185864,-19178.64198562585,-18292.892138097737],"samples":10}