{"avgWeight":-15853.26766062962,"weights":[-16082.873471104638,-15615.312822883683,-15608.819482893276,-15789.305777777987,-15348.27809598075,-15555.303984986447,-16219.566337975491,-15801.35517486789,-17005.89714356345,-15505.96431426263],"samples":10}