{"avgWeight":-16620.26430334632,"weights":[-17565.09200005151,-15626.490619324913,-16706.33655645955,-16616.531611062175,-16789.119275612844,-17120.381643251745,-15923.088187480831,-16265.603476466325,-16056.831553933154,-17533.16810982017],"samples":10}