{"avgWeight":-22344.271850714886,"weights":[-28044.732396038056,-17921.08063510813,-23039.718151344976,-23241.996009354454,-19473.83206172881],"samples":5}