{"avgWeight":-16403.231901940373,"weights":[-15238.084611090835,-15598.026516042406,-16072.057684068302,-15329.905986591713,-16706.025359636773,-16733.49519310851,-20023.621346253145,-17185.535459209666,-15098.101375996903,-16047.465487405501],"samples":10}