{"avgWeight":-18373.09024976457,"weights":[-20204.02920183729,-17664.400743183898,-18851.457365342307,-17724.323559677607,-18769.923296030745,-18427.504645321427,-17868.971913312515,-18532.656612467144,-17758.617186284704,-17929.01797418807],"samples":10}