{"avgWeight":-16134.242624664,"weights":[-17089.448986546366,-16244.391697210653,-15884.137968971161,-16398.693980055672,-15902.477183714185,-15970.63794370192,-15415.30668557262,-15684.687270664614,-17225.067029508682,-15527.57750069415],"samples":10}