{"avgWeight":-16652.946080271573,"weights":[-17864.829158315813,-16280.273558416915,-16931.680871618388,-17647.8086465963,-16116.841066399773,-15929.245427590131,-15607.237012803307,-16559.305009775693,-16131.623600170124,-17460.6164510293],"samples":10}