{"avgWeight":-16196.541109274269,"weights":[-15952.02257453707,-15650.497347443303,-16270.691072414462,-16298.989841519113,-15837.432912646915,-16726.441780595054,-16084.95814630032,-15506.013000144425,-15906.189142638823,-17732.175274503228],"samples":10}