{"avgWeight":-16083.453366299344,"weights":[-15426.090846915537,-15466.908112331446,-15433.661637350537,-15798.64255948152,-18194.309965730197,-15392.6506487621,-17263.326626119055,-15872.207332116126,-15981.566389707144,-16005.169544479784],"samples":10}