{"avgWeight":-18871.512242231485,"weights":[-17572.71967270701,-19313.538895412054,-17611.201754133348,-20660.550825800517,-18902.650258555845,-17812.81423251958,-18715.747027365276,-19666.1716784278,-20557.524612004596,-17902.203465388833],"samples":10}