{"avgWeight":-16519.98236108421,"weights":[-16203.379572449057,-15494.330729238254,-15351.301948287855,-17972.511006207533,-18088.290614490295,-18390.577188458126,-16089.482571656326,-16554.290877796568,-16000.121102167932,-15055.538000090166],"samples":10}