{"avgWeight":-19180.232789474787,"weights":[-20384.669698549158,-19493.74100684522,-19971.981695984632,-18875.176228380544,-17175.59531761438],"samples":5}