{"avgWeight":-16398.392123313937,"weights":[-15741.176291188156,-15591.91015089019,-17421.417433050156,-15931.377127314176,-15937.082553491371,-18803.623195855973,-15771.547617091634,-15939.243092774628,-15940.60313219397,-16905.940639289132],"samples":10}