{"avgWeight":-19027.818370526576,"weights":[-18146.800359280896,-17665.101274215816,-18605.57061911736,-18845.321010829244,-18369.90056891613,-18397.208491914163,-19077.177960243473,-20586.597841623523,-21182.172664957023,-19402.33291416809],"samples":10}