{"avgWeight":-15677.343208732127,"weights":[-15643.367219637603,-15510.13332829802,-15805.707123604556,-15743.641727387578,-16591.75648209482,-15641.185948601698,-15328.708989571134,-15687.189914827508,-15387.161969475128,-15434.579383823248],"samples":10}