{"avgWeight":-16157.89556259728,"weights":[-17222.81021867931,-17384.031504610506,-16148.447235782623,-15716.64247829622,-15301.826964989747,-15197.335919619356,-16010.763066923839,-15484.891802210348,-16448.617473973383,-16663.588960887497],"samples":10}