{"avgWeight":-16428.99652817541,"weights":[-16788.013534893857,-18125.240629062602,-15121.362577272976,-16594.230851724184,-16171.213856268425,-15446.047007935958,-18520.85212596746,-15589.490246890058,-15171.624055301068,-16761.89039643749],"samples":10}