{"avgWeight":-16405.252552360653,"weights":[-15862.134939545176,-16041.579623587824,-15682.56283656336,-16957.18582564749,-15623.781388767513,-15226.504388977408,-18410.127724481736,-18211.02484389028,-15777.299728898066,-16260.32422324767],"samples":10}