{"avgWeight":-16385.396948163074,"weights":[-15939.207551587779,-18981.4842231578,-16465.591419036457,-15287.765111773255,-15735.855664620445,-16146.083697493936,-16359.165267355062,-16065.913577970849,-17422.355965776347,-15450.547002858833],"samples":10}