{"avgWeight":-19006.222864589843,"weights":[-19959.793759517903,-18692.58955319839,-19517.596152816746,-18337.690035949738,-19451.979936450756,-19892.699321940534,-17960.44839932129,-20054.141528611213,-17824.41333152412,-18370.876626567748],"samples":10}