{"avgWeight":-16025.057655525012,"weights":[-15832.15797824639,-17387.61572054348,-15960.18608615706,-15726.267210277229,-15905.80066011284,-16504.483665551823,-16409.972868506702,-15575.281049100427,-15483.185259615275,-15465.626057138887],"samples":10}