{"avgWeight":-22766.87645112593,"weights":[-21917.79492826931,-21357.86150404451,-26742.938217754174,-25358.903051063633,-18456.884554498018],"samples":5}