{"avgWeight":-19097.498764679905,"weights":[-18323.179070722657,-18197.082868756897,-17713.003639983217,-18988.32407481624,-18862.67479192379,-20946.921244998874,-19787.519452022374,-19273.42033483017,-19791.501275282262,-19091.36089346258],"samples":10}