{"avgWeight":-16667.43463626392,"weights":[-17187.585025409255,-17368.722163360915,-18242.484840762325,-17338.1297214299,-15534.807061321288,-16577.653200529734,-15537.464511605593,-17205.969800004463,-15886.282552065373,-15795.247486150327],"samples":10}