{"avgWeight":-18764.791074914217,"weights":[-18958.069899401213,-18012.705992505045,-20899.235021226883,-19464.8427970539,-18775.298066335126,-18439.84441506049,-18700.2943914528,-18442.516977470852,-18017.51091662065,-17937.59227201524],"samples":10}