{"avgWeight":-18537.627368970425,"weights":[-18446.014951187895,-18240.559002800906,-19367.549689340747,-17619.382742650203,-18407.234827215536,-18658.366716379838,-19064.796127505873,-17728.04249951738,-20230.019921491905,-17614.307211613952],"samples":10}