{"avgWeight":-16753.14241673206,"weights":[-17249.492272284326,-16743.919272070318,-15767.772716782862,-16102.127429781047,-17283.82563466972,-16887.698856866027,-16276.103376866422,-17669.808020845307,-16710.72230393136,-16839.95428322318],"samples":10}