{"avgWeight":-16902.200047782644,"weights":[-15664.648260967926,-15430.8626621358,-15927.19344974964,-17419.09421307717,-15190.554086176437,-19596.22675876577,-16930.12740226975,-18376.600210843815,-16597.52294690575,-17889.170486934407],"samples":10}