{"avgWeight":-16911.10043548946,"weights":[-17841.157365458104,-15722.849275446219,-15517.64083905898,-18431.838293452958,-15980.100133505866,-17324.061775171587,-17389.340452039425,-16305.66619621352,-17570.633646201757,-17027.71637834619],"samples":10}