{"avgWeight":-22038.39009860718,"weights":[-19632.03862350477,-19147.351324826534,-24492.821777192254,-23769.631720425354,-23150.10704708699],"samples":5}