Estimate,Est.Error,l.95..CI,u.95..CI,Eff.Sample,Rhat,Rowname
-0.04713311078511662,0.08850287966257599,-0.21754468631923213,0.12711097747939007,2732.0307850645468,1.0000497122703196,Intercept
0.02608666641383101,0.14258008173129616,-0.25252360992641815,0.3017258148568751,1599.8952417502621,0.999617818921777,np_positivenessnegative
-0.04829095929764037,0.15499287760697672,-0.35463386419313975,0.2534138494786743,1229.7798556148443,1.0031153178527261,np_positivenesspositive
-0.330495123507016,0.6884254203069667,-1.6448356291540762,1.114916568873621,1188.5315053316533,1.002600940952152,adj_positiveness1
-5.553828323606031,0.7893521310292025,-7.13214735701435,-4.062729524532431,1702.3573486390392,1.00170717210211,np_positivenessnegative:adj_positiveness1
6.972406641515508,1.1462027668780586,4.8072172956602985,9.171214569883695,1453.2098385709548,1.0033100298546647,np_positivenesspositive:adj_positiveness1
