Estimate,Est.Error,l.95..CI,u.95..CI,Eff.Sample,Rhat,Rowname
0.5436732595010791,0.3910902495634181,-0.2326895480164926,1.3060693441328446,302.7507195675627,1.0124673520898895,Intercept
0.3444759628052222,0.33592517059274596,-0.30069290026374196,1.0407830668964397,804.4040300783494,1.0016737056379421,np_positivenessnegative
-0.13552598758570922,0.41539960370591406,-0.9636211936862548,0.6808091487368133,656.5659676520062,1.0013852809105743,np_positivenesspositive
0.39658826295681926,0.30725276570534954,-0.1974845464303217,1.0035095428555698,1177.9896552101618,1.0017370648237647,adj_positiveness1
1.5166674047363053,0.5005084104373486,0.55178052553511725,2.5460652264718244,891.736236587322,1.0041215028238522,np_positivenessnegative:adj_positiveness1
-2.5813438447545205,0.6126078505904098,-3.8305341200879144,-1.409881743497552,1105.3593443442553,1.0034827488378752,np_positivenesspositive:adj_positiveness1
