Estimate,Est.Error,l.95..CI,u.95..CI,Eff.Sample,Rhat,Rowname
0.6281021879514147,0.1731865195868044,0.28550136898779077,0.9529398278302825,126.01445612569559,1.0154067700757847,Intercept
0.048305564055692696,0.14653159676366068,-0.2340398143271588,0.3392532473694408,327.8184344544831,1.0121864007067436,np_expectationslow
0.16608820847408243,0.14830578268227407,-0.11510085880542498,0.46635380467705134,246.0429704958025,1.014678992179706,np_expectationshigh
-0.05606601825855801,0.08250699714475902,-0.21723831538543362,0.10846845927772367,981.3454477518765,1.0008439317726558,adj_polarity1
1.242135995208533,0.15275572837762508,0.9458401715049174,1.5385086009555446,908.3978609713608,1.0043294381200891,np_expectationslow:adj_polarity1
-1.2465326080734296,0.15360712099625118,-1.5497871518502913,-0.9399149253532435,910.1343197333061,1.0028993207960903,np_expectationshigh:adj_polarity1
