model_variant,subordinateCC_r2,subordinateCC_mse,adjEndorse_r2,adjEndorse_mse
Flat Prior,0.1697865282512918,0.0717524526826793,0.9768193843961761,0.005132152532646419
Frequency effect,0.5167348289595108,0.04059648322921117,0.9836396434832155,0.004239416043142089
Basic-level bias,0.732798535715293,0.019564103911325608,0.988038610043407,0.003280659746950462
Basic-level and Frequency,0.7754722131101319,0.016426076149077908,0.9876305093121205,0.003620774224107045
