model_variant,subordinateCC_r2,subordinateCC_mse,adjEndorse_r2,adjEndorse_mse
Flat Prior,0.1352305686876262,0.07125047618951688,0.986443163493571,0.0033071502633524943
Frequency effect,0.21225573388065755,0.06832920535325303,0.9835492167136878,0.004837276692423037
Basic-level bias,0.7168018083212978,0.021011993881851047,0.9890732090268722,0.0027700383122029153
Basic-level and Frequency,0.7728336701502666,0.016850639645446756,0.9888957097790209,0.0031155952716903274
